x1,x2,y
-0.002746305260206139,-0.5523410527449848,-0.3485696034469189
-0.5903630509599491,0.45323915027616857,0.1504349039472736
-0.40990561115473967,-0.9027304253063018,-0.5093683037668753
0.44203190202866893,0.4271873454749071,0.0707481029484463
-0.007187270563179027,-0.626720052065403,-0.45701599182954544
0.5613629122876005,-0.19923309856634352,0.10725934787142241
0.5128990757424161,0.36783936435450015,0.2735177166063596
-0.4564396510649509,0.23116436840983434,0.4426366673027887
-0.47289726493227,-0.3005611016301901,0.0394915405530748
0.7856978020832959,-0.3120504478908295,0.6057454927641527
-0.9510533072245442,0.7864919578824316,0.26140330939656764
-0.035230029724031775,-0.4755326943164271,-0.29551889699636524
0.9288074464769391,0.874922460373309,0.20504004656088554
0.761212334867384,-0.5824588596014304,0.40421214352638657
-0.9425477729373783,0.0058580556698479835,0.9478225578658346
-0.13872356104217198,0.08491936158597846,-0.007344025777742532
0.16077741610702856,-0.470475566656134,-0.38583473722169925
0.4653717002255324,0.37276189580674246,-0.043358745347894634
0.5985151641342317,-0.31519845886608566,0.2115473276822781
-0.476692769619091,-0.6987756187408394,-0.14729174322741515
0.7688551573234259,0.8679406252725528,-0.1761159118506206
0.9624739121041608,-0.8098629710307015,0.35780669597527864
-0.8944264724576474,0.6900348862724157,0.6858710780074257
-0.9330797292170754,0.49344904016848234,0.5793224982726525
0.9848222376009907,-0.38796241582262736,0.9710749881835316
-0.9510708143807511,-0.8738508142830628,0.11566892781793653
0.17340016019935844,0.010544421522594494,-0.18262642846328575
-0.8192878998063426,-0.5839449532234293,0.35410421953585514
0.8321566029698526,0.2631730982482021,0.6659169650058248
-0.4411536872618784,-0.8543172153445904,-0.5527833058406395
0.528503486972558,0.08802863734629085,0.2567431074580355
0.8673278195363534,0.14711484877567793,0.5679881292815561
0.556736142392704,0.8877094464433992,-0.13082284486211676
-0.5292307247520505,-0.7031973770505253,-0.33589769166613886
-0.2576329846757408,-0.7875514848046219,-0.33283429817660004
0.9547109801329237,-0.9769504041672834,0.006398037526035849
0.0020718879387247036,-0.43154429386597215,-0.1371335577508278
0.33624063289678396,-0.2405402224796469,0.07360233612580512
-0.3905594744148606,-0.45790768579579133,-0.24912336057481385
-0.24783823440224673,-0.9940950972975962,-1.1402130888267525
-0.8489559183259097,-0.2689803779665876,0.712608573062978
0.11714462991852148,0.6328090122815864,-0.4604251003132365
0.3036682992095425,-0.9278048557661509,-0.9035781115002456
0.34209030984142297,-0.03160762770100445,0.20333252061376222
-0.0646638144912941,-0.42637550882086916,0.17855997791443612
-0.19723420539715342,-0.5736326650478063,-0.14392023906834353
0.8192945113339021,-0.8844665573867534,-0.173222344998194
0.9893011169251109,-0.0087985222731366,0.844890866097076
0.7506605643202147,0.49141124420565796,0.21802525215092156
0.0385267807276537,-0.20262471618764422,0.18086478035594145
0.6231459871233231,0.3258875675155355,0.28225420593168404
0.5678639676590806,-0.2924632690643003,-0.12784372020960139
0.09339073382370167,-0.26313199339678794,-0.06504548198559336
-0.43637711114350974,0.14739387136143645,0.31207507627443953
-0.12515149453980134,-0.979896021971375,-0.7142724452834655
-0.2775049240501153,-0.11372147964757384,0.16977201586171806
-0.3675189817293796,-0.956990786751321,-0.5565687259256155
-0.8347415921364085,0.8745511577896106,0.09445375989036697
-0.8221799147422437,0.4784033171881228,0.3329403090458556
-0.03770810211301301,-0.576667364220049,-0.41890297057874265
0.8864186049421845,0.8792930665646852,0.1625859014122076
0.07573877100120807,-0.22115339182797578,0.042954658093080716
0.7393875583899889,0.48182951664168483,0.38055617434053074
0.7571001798063675,0.1892961569445959,0.37930662655350833
-0.22041553748628284,0.7154996237182272,-0.5804602230731805
0.5136084088492421,0.9535794320077995,-0.5050303885109563
0.36260755455021076,0.7404656302810797,-0.18555533733001478
0.5411662230671761,0.02526798985159684,0.19316181546665862
0.31471137335966515,-0.5460976079839674,-0.021844039142073807
0.3159118160847576,-0.7652113446679902,-0.7048828521592996
-0.010916597425597363,0.6252561828116237,-0.47426020737483815
0.14240183700265385,-0.41573589974855407,-0.14085291832964567
0.09058123738272017,0.9010401365564498,-0.8063864877979552
0.9936152253188031,0.46489268268052486,0.675072053451354
-0.5108998667846911,0.16566689074984953,0.20131473642374287
0.3021970827985161,0.6690884126663821,-0.3061162669720864
0.18833374657257207,0.26036872128182287,-0.221814661075728
0.2964395732923013,-0.5592061410662859,-0.054998761894063636
-0.9248600449481543,-0.008383626541459188,0.9791668881715574
-0.9091958486228733,0.6576862545113269,0.1962882390077332
0.7903436808554887,-0.8963610267996764,-0.14657483667193694
0.08309432314788823,0.4968152304419762,-0.33357075958558335
-0.1482340200807124,0.3374774637250826,-0.0976794890081766
0.5120005607089926,0.566710498196805,0.07502741163819718
-0.9089667147225442,0.4521917181943236,0.7160677944242075
-0.03581979837603022,-0.4519495552508108,-0.22320063344468893
-0.7298797804537289,0.27692314100619075,0.34211855393742807
-0.8968926466555016,0.6970410251195713,0.4382163820281757
0.005466911562210797,0.40704907269726265,-0.13532529600981208
-0.5960885164286867,-0.5523281345763598,0.2343652115972828
0.7110199151683567,-0.18387159344620496,0.38491306020743066
0.5776090435456203,0.17944466420130678,0.28588878526365724
0.41084078395455337,0.2329379233129416,0.36960266472749953
-0.44220305465547427,0.9365230580764039,-0.7907871982332033
-0.2160845059801535,0.2618896303215208,0.04220090633578243
0.3544013808830313,-0.437116300085572,0.18159979586341185
0.292183395151804,0.25469775799089756,-0.007758926734184646
-0.4265811002456281,-0.8313907425005749,-0.1288852000217337
0.7094810070589441,0.02549502476049126,0.6282107325566417
-0.02585408871553896,-0.784282817539077,-1.007081435022902
0.4256580742411957,-0.15342026215927573,0.25753781233293105
0.06184711169701651,-0.32080867469877483,-0.32037538954466505
-0.767268421155102,-0.7915275679294353,0.172968251553092
0.9996336644809298,-0.600030019351929,0.3845001856861475
0.4492597027680829,-0.9894104253455394,-0.7869737477553156
0.12850609514103306,0.46996655374005103,-0.3780034213144131
-0.636862613086874,-0.338373635239702,0.3799346621188887
0.9533371549283223,-0.8354335865211056,0.17845457320453467
0.8557592504968099,-0.3682771820792412,0.4511016434733519
0.38043221536381866,0.046265194651457175,0.2946599730495626
0.3229474610049212,0.5039995014709109,-0.015569188551777635
0.78519336192864,-0.20689135678681514,0.41986012397771344
-0.9045905046097498,-0.7893223920989281,0.319816543604978
0.7992824373992442,-0.38982357717894867,0.40818499527499646
-0.3401095386393984,0.35286485350814245,0.055135625117528786
-0.8795712423723079,0.21972474766100492,0.5216287862050868
0.8031669500635947,0.9463831507748508,-0.3719517186559914
-0.4347811087535354,-0.7959244407620747,-0.5595540403148347
-0.32114774657543554,-0.8254618969803804,-0.6136330783077034
-0.4831444074353455,-0.5343680535668129,-0.10567780634678907
0.5658025980453119,-0.9364466992353611,-0.4810539756479914
-0.2530000706577662,-0.780455266702621,-0.644719271414248
0.9215730598348701,-0.20215699588877167,0.8757583537353417
-0.64940677323545,-0.9554814980163417,-0.4372335754290729
-0.3098926695832802,-0.8956784299593283,-0.7992990319520688
-0.37441457276582546,-0.7166113092500961,-0.4254384116648501
-0.40913499406756637,0.16461440007692607,-0.19673249169556492
0.7881528604281218,-0.5304035127074995,0.3318153977583192
0.6995750516904198,-0.49526276612270537,0.19606873108457568
0.4822726900372869,-0.6983612212802213,-0.24679004912824412
0.9531602918885638,0.9670577135591829,0.051473051994911645
0.16039798248360282,-0.971267444744071,-0.9993940452427824
-0.08708586887717384,0.3496682123872228,-0.11872084729069514
0.19775446037631506,0.3643412563382067,-0.04499483989219822
0.6755380402849356,-0.13652569232823164,0.4306382826687687
0.16381970038554838,0.16274704108018945,-0.107144247233467
-0.8517353565219496,-0.4941629701718635,0.6011990749652951
0.09419287192364023,-0.9522876638597408,-0.9997997681871872
-0.6668664065532468,-0.1127297861658374,0.49483796350923376
-0.9980550448016416,0.11377277290075294,1.0404343869953618
0.8583549167775837,0.04653531242876685,0.4928700824292831
-0.9219227524742912,-0.9936482683732948,-0.2972685463965984
0.4958716817909532,-0.14509413719360698,0.13122659257677075
-0.06627700069471998,0.6731871506370251,-0.6014939903694518
-0.2572389660247645,0.263795860609207,-0.28706585822599506
-0.4877012771806237,0.5216675097745602,0.12159976822342042
0.7205242051197329,-0.7030756649613044,0.16634464507558952
0.3822004351553876,0.7775458994888067,-0.5432928573089242
0.021298730496432716,-0.29281096929970274,0.02182168291320019
-0.22196178347603857,0.6483063725561198,-0.3098552650392504
-0.2629467064911597,0.23291838993120817,-0.09669286541696087
-0.3755980156615042,0.22218239308256704,0.207950155744426
-0.5670259947926328,-0.01346068764903574,0.4021853748101948
0.39060412891884355,-0.07366910371163038,0.23045432156316964
0.2540996186553457,-0.4288846740151848,-0.37243015324395246
-0.30680568487594817,-0.46417373902811554,-0.18463512587018155
0.46677671721574177,0.5263156546828653,-0.08770173328302143
0.5884453264580507,0.1294658160643476,0.5073739321367856
-0.351602698289716,-0.011906229626261311,-0.11268870750338386
-0.5542795263863742,0.28084896672348103,0.0976073796534716
0.45175807950371305,-0.3839443126605977,0.1420045825281167
-0.16347006379856066,-0.32407247799310546,-0.06693172275690158
-0.32178365958885813,0.032220195355540104,-0.04653442351663134
-0.585743025053485,-0.9776327312328521,-0.5854329558014463
-0.8199613162859432,0.07584601624801435,0.9648535111632757
-0.22273841169285036,0.08233065709562304,-0.06858691604782582
-0.13315601051747383,0.9048476372571703,-0.9264931071508777
0.5564302290020848,-0.8562609797037597,-0.6938713847018874
-0.4762097218351451,-0.6982800696923102,-0.08953493357355793
-0.48871759395710024,-0.38794576354147137,0.08502067572559707
-0.2642550663654828,-0.36644754632946497,-0.36358857440829856
-0.07642725185120436,0.38857079016879803,-0.1738478031809675
0.18244717542202604,0.6875827426015493,-0.3128772318214741
-0.8999796708161687,0.28537055576064696,0.9400630764845014
0.18502678646451387,0.8847283881524923,-0.5832338805912152
0.6295980774858023,-0.30919514469481757,0.6098352917633493
-0.03267005367501952,0.03645658874251256,-0.0638629842530464
-0.1943514821849457,-0.6202591579903918,-0.28905632848469076
0.7559274254581776,-0.3736353449210379,0.4366362696238667
-0.9492944655665874,0.2880423955922349,0.9399809860748385
0.9455710554619188,0.7649113097797313,0.23451566239773108
-0.9883043032445082,-0.3557360185734806,0.9459897411180044
-0.3023449492344641,0.3704230743569257,-0.03758061815659638
0.5483805013164817,-0.985956506730278,-0.9251198439074713
0.5864881365917181,-0.4536792560889693,0.26131333881884744
0.6415198988462363,-0.14512026310429027,0.3576970834468411
-0.8229897606154741,0.28340165572690257,0.8320437499792371
0.593941129517942,-0.565041124709182,-0.400945016246402
-0.540902535234862,0.6369643536851892,-0.051597306279325746
0.7010036500135903,-0.984396477962304,-0.22379680473447028
-0.24081309119585304,0.2908181760393638,-0.040513278703165054
-0.601920965889319,-0.10367984016029586,0.6196323649954755
-0.10317426686043318,-0.5621348674637965,0.011651022379576381
0.12521327439117735,0.2919850591127333,0.0393085061433542
-0.6520241377947706,0.6673151209949559,0.1402137501844888
-0.0723157484393433,-0.8136443932163246,-0.5833085542012708
0.20639290833581025,-0.4946079811872257,-0.021654863999246654
0.310524281422488,0.6935213063088859,-0.3074605877556651
0.37203004951532725,-0.32380513419622425,-0.16211273048106695
0.9366042220841717,-0.23315472377394886,1.0276638157868156
0.5391926235903131,-0.3655340228810595,0.17065266173977378
-0.615862208812683,-0.5671066291271429,-0.08498810380015268
-0.9906090099038181,0.04324714420939535,1.0474608635982525
0.9983780305499086,0.6634252823443438,0.7239757918857042
-0.24288986782602295,0.13229175416128403,-0.05230725671321243
0.8821592833747787,-0.933867218817608,0.05692734616682529
-0.35924409247335864,-0.634890746682226,-0.4360921098988203
0.26709731476348875,-0.3909511179919152,-0.37234728455980093
-0.6545749774221916,-0.37348021005318466,0.32974299499986903
-0.9301551364372509,-0.6030700175833388,0.5990295439986557
-0.3328744423907306,-0.7455894138052714,-0.27912455968839855
-0.717832788997325,0.8640505109642738,-0.1485964900601302
-0.028793141288072865,0.5740360285143282,-0.5946451823980523
0.9052703105563698,0.646228433443663,0.4624096886615939
-0.13733327506770698,0.6264448241814546,-0.20236681176536944
-0.9461240438049228,-0.822119757172517,0.011593892289721963
-0.037228997578337975,-0.05322217599659118,0.12424788051490017
-0.7879274486539118,-0.3007792547094086,0.4217410785626244
0.7929378852138913,-0.16453017634949263,0.6992796703647963
-0.3638560665072066,0.8726383926845909,-0.5391561163139396
0.366238890930759,0.5920791834590582,-0.19517799654517992
-0.49959840399382593,-0.18749855225577883,0.10252921054579206
0.7615023660646116,-0.4512393357725668,-0.08064865735651072
-0.4719207135755259,-0.3922886843793758,0.13208703029830565
0.01286541029791155,0.09240559784557689,0.17626184754398674
-0.24412064173680603,0.2280761403499132,-0.2107410558623397
-0.06562896372911853,0.1994672611706474,0.161615267771773
-0.448153445314613,0.7672700357035258,-0.3962717204932226
0.12003279195482652,0.11041524850541062,-0.14251146099291803
-0.8426073421926814,-0.14915792517184823,0.6544891994913742
0.10941094085582237,-0.985999111725602,-0.9084411478643815
-0.8165149442541704,0.06551168235738625,0.6412260377772899
-0.25688530978176183,-0.39675054540218,0.20343792408770775
0.21991018108489002,-0.9180589108144279,-0.7069631796722929
-0.010702532316284818,-0.0648807534326683,0.1610487541119846
-0.35382891114646764,0.2149583550041072,-0.03616983012110424
-0.22042726409335178,-0.7382982497687043,-0.22599919604263363
0.8974453774330016,0.3390026750453152,0.6278137042746466
0.3385978695773211,-0.4028013656834175,-0.1824383476164187
0.5519481515857818,-0.599262760709514,-0.09440261194825614
-0.7552069878751124,0.14979443386527502,0.5905229173026122
-0.5969311126637573,0.560208799312043,-0.16271552847107337
0.8329663037383848,0.34672833345810816,0.5511570983240225
0.5542206071962175,0.9856591064083189,-0.5559050573481625
-0.46304303211538245,-0.12410279542412583,0.035960008041004216
-0.0051462525821912575,-0.13085722137833233,-0.3344912131716311
-0.8698687978839261,-0.5622003402725717,0.45069903359997565
-0.9753858661207802,-0.005208945963989686,1.1452295636549361
-0.5169447974110088,-0.18020716449311913,0.14288450731146402
0.17045591060290488,-0.7317606215461221,-0.35431633270979657
-0.23300333057234157,0.2508953732171011,0.1273518396441488
-0.10702583071644867,0.4521356074460614,-0.1933423340319115
-0.8895444519124713,-0.962316505789071,-0.2874376210401465
0.9691259932298639,-0.7393319081421474,0.22702333585969117
-0.9472265873553258,-0.9851052149318793,-0.21311850009066616
-0.6381280287798212,-0.94763307717545,-0.514622113249435
-0.08701450624877594,0.8654531407890311,-0.7405409336424773
0.8350252987106075,-0.2832236737427416,0.3504384664836486
0.04007942093481964,0.8427997802600802,-0.7856059928428953
-0.8493270516341991,0.343915555202452,0.5726879081267541
-0.127916211517362,-0.8511119565950964,-0.45903936015759544
-0.8594902577083599,0.1133670271673064,0.7949744233607465
0.035827821862027154,0.7807377016124468,-0.7354494812414567
-0.38156948832441184,0.46399077572112324,0.16172356064239837
0.7944969808964217,0.26322519534811484,0.5440111722044572
-0.21726332282520233,-0.4195375649892832,-0.36704316979044416
0.887141624362977,-0.8784100611936092,0.09654197135426394
0.8436599704352998,0.9669078431383153,-0.5667285850679034
0.5504397673799608,-0.2463571764486554,-0.05214738827263826
-0.7059499085311967,-0.9874738555363245,-0.5593048012260121
-0.6622198663960805,-0.2933128336883599,0.2639017572546589
0.9702921479982622,0.20835562431255106,1.1076940985468362
-0.24946866522307198,-0.8927239047656583,-0.43181179046768836
-0.48411263878038846,0.9389786413701509,-0.5925441199623156
-0.5813363328316761,-0.6422495540929518,-0.11158375758198974
0.9397315781257405,-0.8534884142031127,0.33712483087041045
0.6050302457424548,0.3616945002386429,0.19473362400455874
-0.6182990314331955,-0.7906894943109208,-0.31197548479959636
0.4770848594589612,-0.2180043772733109,0.4121919766898573
-0.22633283773471713,-0.15281997008927362,-0.06651200243247636
-0.9360435961926448,0.00835109759262509,0.6943453235296044
-0.37221535324798594,0.2540539933995889,-0.012549499005259993
0.20334171638730836,-0.6164374832351007,-0.375117666654315
0.44444502691225574,-0.7223234586137119,-0.09425411256983951
-0.013393024116467478,-0.1578761960326287,0.06664839085326085
-0.2693478363334305,-0.4421204201891622,0.03763705732791239
0.005403104012610349,0.5569480751472435,-0.28254633535295254
0.689280810364685,-0.9937653636925108,-0.42252089261568815
0.3644998542474478,-0.5145100344943543,-0.17559836257131894
0.29307167741011897,0.4124217349449848,0.18257472479433273
0.3054066122717356,0.5602821003430272,-0.278653827180002
0.9683264122354021,0.07247621841114849,0.7970483764624914
0.7028061392126286,-0.5246031248041301,0.5232106514627519
0.8462746197938913,-0.9994592775253455,-0.11103533774413224
0.33513670559889785,0.326635741302181,0.02746438080482235
0.5451933808761384,0.12498080949321966,0.33432086079692436
0.8117916678548946,0.20016875667929424,0.9382536014758818
-0.8955046929461306,0.8919721071590305,0.12931082437529146
-0.27720803389938453,-0.05068173492108774,0.17895367617494773
0.4386304995428467,0.5141177591817256,-0.33336731734226327
0.015652857863668324,-0.5380395883769165,-0.2993145806981265
-0.745166659303111,-0.48282750036992317,0.39949855158342523
-0.40368477416950976,-0.8652572109254395,-0.571558436930149
0.04586927560099463,-0.6533480528777944,-0.5043427585661182
0.7451140121838358,0.2858631340263247,0.48309262021884947
0.6971332244598449,-0.18496939275513546,0.47001915025074664
-0.7646655713538992,0.9127055148108054,-0.0717896867248474
0.4281438450314321,-0.07194226018365235,0.3590137420178795
-0.02800260312947689,-0.40393730241048265,-0.13834151932609076
0.625020198338653,0.8490015810573741,-0.33820175856418616
0.0648245352763539,-0.6342735460721185,-0.22984709698127165
-0.04216898408958891,-0.7528717948083958,-0.6284047682670919
0.5952658058154465,0.18328733151686438,0.20151203892611175
0.25626647661589286,0.7287944779409803,-0.3716144258526156
0.14422001924666028,0.639368987732527,-0.31769973001896334
-0.7882954144628915,-0.05608918011948605,0.46738080300783297
0.8055935405231358,-0.6773380421539166,0.051449098537795834
-0.33883233155716064,0.6271036285106373,-0.4194685033605835
0.47507486805679466,-0.4914061516281616,0.2130332077075483
-0.8598186337123246,-0.35373104261354893,0.6382274731325646
0.34590051953221046,0.9396384759183258,-0.8788806292715848
0.2644381786654557,0.2252701193727804,-0.04832387399594079
-0.6377305184111777,-0.22283084056503566,0.39387474174282544
-0.3949004301371679,-0.3321936445590903,-0.012482347522049686
0.08181647060427455,-0.2802875817211141,-0.20571394013619498
0.09510342907459401,0.5237380268337817,-0.11689371679944907
0.9103142981313543,-0.6995659537782661,0.12623854670686338
0.7832727947835425,-0.9397602231306863,-0.4369536484051393
0.6673741970849207,0.4161112843909536,0.18851795956161244
-0.7625888906645213,-0.7261618324394357,0.20388048494375682
-0.07832068698974348,0.3533746461827123,-0.32593145085544567
-0.4310649685408414,0.013855443531811229,0.18506461097080693
0.4186810793923659,-0.7779690741580993,-0.3814538683136411
-0.893296211637314,0.9561910777822387,-0.3053860450096977
-0.11496549736535466,0.34547638938962644,-0.16118395488888582
-0.9175539221756503,-0.9298003113072513,0.08619424829773216
0.5291251287650696,0.860131348725933,-0.1578229621044583
0.8694732164065802,-0.6054498890265765,0.434909053156869
0.13395782482685092,-0.6603998319639053,-0.21921614095239159
0.22396849225988325,-0.6926270575046138,-0.34394417265359944
0.5964737809990104,0.5169674312529646,0.30146300000310866
-0.34813885636666164,0.869759738517117,-0.6439434102016197
0.5927296252443655,-0.16180379712724968,0.24093163953658875
-0.05252302198720504,-0.0037896998849111796,0.21162814442289085
-0.8926020538835777,0.9583014690183875,-0.1305161291733636
-0.3212675477590765,-0.8923307499405544,-0.7689623031823457
-0.5748418739312815,0.5770351386448707,-0.02774260612720125
-0.8361173378856612,-0.7938596973930725,0.07760904022980701
0.44853051111870257,-0.24438032576718216,0.21761793099353172
0.49857352739605254,0.5932674882287772,0.08088826546780747
-0.05080048391895797,0.791440827335353,-0.6814956133584581
0.03482066874398071,0.4483118032160067,0.09211658750679597
-0.810624612081017,0.4096564569159584,0.37151798657548546
0.8546558557649344,0.30358006512679236,0.6444446349805388
-0.6834224713358088,0.1496660725636556,0.34367083211333305
0.807201311256381,0.328685243543023,0.5521503291538724
0.939236732599747,0.11357786261142233,0.9149461096374433
0.7859491868113637,-0.2189921084343125,0.485058385033082
0.9175817527693548,-0.43398264688965127,0.6526825172255445
0.6216966697160307,0.2901389933074707,0.48385263975012216
-0.012170871815420314,0.16237534903372386,0.275836843135294
0.05560480218771424,-0.8078971704612388,-0.5266625980694122
-0.31058910609985513,0.46710315463633045,0.015403383523912545
-0.3479389565944029,-0.8490717298966279,-0.3760109119911217
0.08214429289841352,-0.05421675365163514,-0.0663493026610489
-0.6179840533070875,0.8929850749440034,-0.33696554283353763
-0.11355050158904079,0.4176368690272727,-0.31037072053896875
-0.7252758350269894,-0.2669659356941605,0.37873798529591896
-0.7814301438916569,-0.5063926412808191,0.48113773232101764
-0.4963125575432974,0.4996796660681777,-0.03141906888121872
0.3102604315930877,-0.9669223923992043,-0.7247929409028803
-0.031034046723254827,0.8225677006658958,-0.4295818276903864
-0.9281502349434476,-0.11339019513300674,0.8794041455721654
-0.6283233776477515,-0.47058187474436597,0.18215651660569954
0.3026256768271851,0.9472606434250772,-0.7819436865288002
-0.24103727674180675,-0.5343759026491621,-0.264468745390253
0.5011413841393653,0.8323439846081995,-0.4744109381987522
-0.09250841173740798,-0.5699699574094457,-0.061667283759089975
0.38657152234421144,-0.04157152513675344,-0.030490942098319956
-0.7503491203099419,0.690488975314477,0.12890496105300775
-0.7019798902381242,0.051795415767788455,0.4575914389508333
-0.5819344077967135,-0.9495150966292878,-0.6161644227381631
-0.5562514164318888,0.7379263269363507,-0.20353112843791252
0.6882703563611303,0.31722304249542144,0.245905193879388
-0.7354548493826136,-0.6426260675868307,-0.05015454433188157
-0.7988653696888917,0.15219828944255842,0.7422344659758036
0.6707645086482545,0.9286788409401023,-0.577699469215536
-0.6009842173268898,0.5280048565810773,0.042064276096971616
0.8060130661780878,0.321716831616907,0.6047084773557336
0.96191716147605,-0.704293877301919,0.3720380227278577
-0.4029365365009292,0.4038620720567121,-0.12052068044091307
-0.9426987559276692,0.25740265037592835,1.027963477573549
-0.6149976834622901,0.19641812067903275,0.23111087279149567
-0.9519329632932276,0.8144546397337074,0.18968617546348085
-0.6526575606028628,-0.011225595084572326,0.5291231701083902
-0.18497797419071893,0.8605467601545724,-0.6636801137991298
-0.8159896380379472,-0.05854550349631826,0.6737897976752288
0.7297544663073421,-0.19389963476310368,0.39670776732217183
-0.31168317530600453,0.5716866572309867,-0.2565656273082066
-0.8540132460173031,0.6129275320731284,0.2512577137582278
-0.7009106827571325,0.42462771642377595,0.32427190162874264
-0.9081683909798817,0.6871833962012168,0.4015843564207857
0.8969861891122324,0.46736368233914094,0.47396618190560713
0.4660266044376775,-0.2929134253903347,0.3411693114419281
-0.6274801632168971,-0.224848593395939,0.20707520084544553
-0.30478029232863024,0.2968629565699332,0.06526941054164016
0.02874144883972174,0.9671696729976811,-0.6837818163555256
0.39551072743211413,0.4518438970172587,0.16581726723965112
0.1731099806495855,0.12192512544863976,0.14637997598947727
0.5387785447339606,0.47937649124063064,0.18234897686612916
-0.6052762979020618,0.3214289506343804,0.36823847779298813
-0.15457234304473744,-0.4125131295587021,-0.17139556684155846
0.3820368496286226,0.0596331689945222,0.2331258154442182
-0.5153710805554896,-0.8386042774263032,-0.34068356117337695
-0.6457367543746793,0.7129794265991258,-0.02354972238711922
0.7675048552309536,-0.8350142080729386,0.05792631948491389
0.9554367831604382,0.22734259340857155,0.536665128419487
0.5012135110762976,0.8706341445686978,-0.4086747869011453
0.9725569870560555,0.7318406949613097,0.3573080706888138
0.5307497243340558,-0.45556989274765836,0.18983687616062261
-0.7777285980460902,-0.6672093580986842,0.022612322588064865
0.9356868249580772,0.05943622541136917,1.0101427678188164
0.7581072025991848,0.30415698172633676,0.5719969252534454
-0.2711160678940667,-0.7046739532247963,-0.6729125140084454
0.5432013926842203,0.29713343054466335,0.29670455753399944
-0.5590795283727321,0.14440731617853597,0.348263856909689
-0.805533711644453,-0.4308529573264219,0.7611818518640191
-0.15164863440158394,0.5345257294311487,-0.16711081516328738
-0.29460815916336314,0.284938613451702,-0.1739320655465949
-0.791346759305001,-0.7774362396938701,0.41173952977549366
0.38414224367530747,0.8141239436448986,-0.36066332207806284
0.4085555031337502,0.9078486082158332,-0.65694029030917
0.5716091807445287,0.8254043473719965,-0.22895405661237214
0.6188192851219596,-0.33854372007604394,0.23035338105740233
-0.9244571376657076,0.4691196445870869,0.8253569617911864
-0.43035631181237743,-0.439812740519975,0.01873036571532447
-0.5467451839925648,-0.9374759663787195,-0.6454060559243029
-0.941904329593513,0.465748988280835,0.6379599648812047
0.3773181345649046,0.5181600797246808,0.08017466377282606
0.3062316782804815,-0.9532309668716434,-0.7006949435305012
0.8135143266671672,0.12680593453570865,0.4998032129511206
0.5989638755435989,0.7293934853781991,-0.3968827066136125
-0.2675112843336298,0.39608283711071346,-0.12346547983435725
0.5334092867986351,-0.6304885866630787,0.02564060770487761
0.10154216343746825,0.6625371927635635,-0.460946478877612
-0.2888135640709193,0.8791785516080695,-0.49184166024327725
0.9948721692106617,0.5109087967080612,0.7721376419634987
-0.10704217954792705,0.954635047214478,-0.8910776432794963
0.6658861301946086,0.35307923529982954,0.3222066551873885
0.5547891652395347,0.37257170846232635,0.14120443287253817
-0.819330576012752,-0.6390950669616875,0.09944355068511845
-0.6093838744704145,0.7986177276743209,-0.22606588136740505
-0.6947826710660059,-0.442325621499277,0.30358272459258123
0.6064920858033935,-0.8321821994371208,-0.3225549412603701
0.24557987384455582,0.6009724735217721,-0.11458954320518744
-0.39850868011990737,-0.18293839929314104,0.14997488664181188
0.834404046938974,-0.926368365625216,-0.03269798625242937
-0.028239747207619237,0.2536965926293444,-0.04606433377812927
0.18420116226619232,-0.0011893149119428514,0.10533879088430302
-0.9204519153228059,0.3515980697560599,0.941124659109004
-0.15411045992572525,0.9974558769056074,-0.9491890073066798
-0.8188530321184826,-0.24647973356451192,0.5988415761184839
-0.8658464174942948,0.8090647160028963,-0.09521419587219779
-0.9234667178501845,0.7029641357111498,0.27425219807038315
0.252732921039609,0.8714870164376847,-0.9134539641998145
-0.765852003141757,0.6325111966026775,0.17973656445817382
-0.3980695652677775,-0.13893933911936185,0.07189509078652456
-0.6291523302134485,-0.9971712929352443,-0.5645480494201315
0.7084155019608469,0.2666127901861617,0.4992743346967015
-0.5078530237427712,-0.8534026828155397,-0.43026277525101275
-0.012761941845895297,0.31305420219060776,-0.28207660552955643
0.5191197641460061,-0.2162102478957708,0.5595591030191402
-0.27814000392231275,0.7537884071884844,-0.3817298550451257
-0.9228284585953543,0.2537951913546377,0.9804172156562292
0.808779650254142,-0.765877809207564,-0.02352835267339444
0.1082175958348548,0.7242130169621177,-0.734377270102982
0.729583477560201,0.696972160554252,-0.2197662651384777
0.10934494647751691,0.9880589622970268,-1.0929275612171325
-0.8953297289259574,0.31736920118411827,0.7293410977962355
0.16864037364863127,-0.7838794511207912,-0.616230670618585
-0.0851300231703831,-0.09216405690444729,0.14490722025496305
0.895654758227141,0.7219539740022105,0.3565744797135798
0.14734751405895463,-0.0018915432690465028,0.03876936960485747
0.8187342671452076,-0.8914866921658355,-0.15533176151485598
-0.36769520109116804,0.6319983661363591,-0.21921215129376154
-0.8753780415579175,-0.63745813571555,0.4811077501029081
-0.6790719730250234,-0.25617799213039794,0.4259925959716123
-0.5640635121793245,0.2834640692512993,0.09640954378155583
-0.4069982397054719,0.976621243043728,-0.5883964718553233
0.8061991931441803,-0.8647441189198721,-0.37348654420491145
0.7181990676406598,-0.5403270975431853,0.45391788095746477
-0.4503767261162388,0.2517727686301703,0.05555776198172911
0.09152319462012404,-0.834725569594156,-0.7729177993865909
0.9898079421727728,0.4822713015666922,0.6663014125802494
0.8113729710402147,-0.6581688637608967,0.32511001796256567
-0.38643355411667035,-0.9710397426803776,-1.1245881354421465
0.1298834626376324,0.01055407816056042,-0.015388139877823673
-0.9091942456381532,0.48421231175555657,0.7460444552777837
0.6761051777368612,-0.3782833784328794,0.37335977505921175
0.6705871918599466,-0.4488930043992063,0.10791259150788912
-0.11992873432535656,0.3628117359950025,-0.12223582936980312
-0.4939516566827111,0.9637700703122114,-0.9798470673359465
-0.41003913529833746,-0.026124756722994302,0.1777162829800094
0.6437783794869294,0.8292081306124213,-0.5489412321710757
-0.8945106640636145,0.8930342432393443,-0.06895863286531745
-0.2586726395336343,0.875609600686408,-0.983654006897982
-0.6712139387291636,-0.45562373011830193,0.17943986158746156
0.6988807177377323,-0.7928639707204548,-0.1568315858654727
-0.8682674381774877,-0.9354777480866776,-0.26277362050379627
0.9129776802589182,-0.5373019119178013,0.6726583706314403
-0.2872153554523731,0.5912836217426642,-0.010909986685017081
-0.21117715162606432,-0.7326310300450589,-0.3310257737816361
-0.4892866766362045,-0.8334982006273526,-0.13095405292431728
0.15329478232476634,-0.6274085829633063,-0.4782821496027886
0.38780329015925763,0.8725449566953642,-0.3033617150051041
-0.3772669331493024,-0.9170060787876855,-0.7395322226501383
-0.41430449621810395,-0.8011812129352271,-0.6593153985788455
0.8831752833369759,-0.6134983847199118,0.27397718618441125
0.20324880710672022,-0.6699210273197251,-0.4021695393204789
0.36052107871017647,-0.468568550446681,0.07996097287696019
0.9739469967732981,0.24618299872539184,0.6964553872867862
0.8202785618159101,-0.42142507130858764,0.6437579086267982
-0.6506279142497513,-0.22699188245214597,0.1871406625297907
-0.5152193448345634,-0.9689135963531428,-0.6710971997912691
-0.4995586582130085,0.5526563994047982,-0.0434368023260557
0.3375085755219154,0.3837973282351379,0.19656101488046646
-0.1006642920687173,-0.360346430613115,-0.11883363027654723
0.09391339711593849,-0.5737373558781302,-0.20865555174178962
-0.9847353837889372,0.8851224458895943,-0.03777349107516689
-0.1151872763397328,0.9609007871687834,-1.1692181133269064
0.6667774172577843,0.13161330656372794,0.5366514410439384
-0.46148126455916794,-0.49615599697213475,-0.1353949179071008
-0.6645535597859142,0.586172579898584,0.16442340683065684
0.486968423736019,-0.09682187574699763,0.2597866582267397
0.35655513082467283,-0.7934002207076154,-0.6991858220670231
0.051805049042615625,0.2731836840865398,-0.05722276637110133
0.36326506753882626,-0.25876184763179255,0.23935241453275685
0.8095256584470625,0.4354476660321953,0.3715119300087234
0.2779446762094795,0.11376336855771396,-0.027812622495354627
-0.032860863101775495,-0.08729685401080545,-0.20168358774200962
0.2397195990107115,-0.8191392428337136,-0.5623553171648965
-0.7810362802852018,-0.3754864358857606,0.7603434986412722
-0.04440155456960171,-0.8846280319551725,-0.8830750675361124
0.17055360955130472,-0.8696240843586092,-0.4157293916771863
0.28681095473096874,-0.399396516802315,0.07810720216056986
0.14341174090319608,0.7853431166182092,-0.4288565250210151
0.9563008505399948,0.12711411293982744,0.7181288573946341
0.7415010751549465,0.6544280279997343,0.06259653093211115
-0.9450253018646995,-0.706528225631712,0.49894839884943154
-0.6356809510040788,-0.368011061442014,0.06450079102111023
-0.6355152915693758,-0.15766592409827695,0.0783953701187659
-0.10041344706138289,0.15400970125143476,-0.026743071372614995
-0.198778877756564,-0.10286266054406412,0.0243106326230748
0.08871826968057106,-0.500672336627686,0.01189016985483532
0.8526588619136646,0.8862318152862818,-0.11292997083982248
-0.17920360466916052,0.9534781482783741,-0.9191977754885756
-0.49684866476923006,-0.5330515249792529,-0.04549107138519499
0.6264553925589231,-0.9238152775913653,-0.6780181476379279
-0.21210956272201575,0.9104015835673289,-0.8072668523888279
0.14530421277781302,-0.1532938417153571,0.03978595914412024
0.5239761594168697,0.7898054193600945,-0.5427351502594663
0.9810259134920709,-0.32725459365880694,0.7413169172913394
-0.8299706292816393,-0.5372544129657515,0.31643330434961237
-0.7732693334783198,-0.3372465177848807,0.6798832058019959
-0.921385067852234,0.6290535908751442,0.5872625938728614
0.22707004810876885,0.25279585322388365,0.08694498221330188
-0.16273460785443006,-0.3405734753841445,0.02720798884744413
-0.5960050890031174,0.3152703646184716,0.5449341602937989
-0.6966445675447617,-0.641754347475316,-0.13455225732112797
0.3002050190791905,0.6131233914171521,0.00038768460077232003
-0.8070643707235321,0.34608453687087404,0.7164307401908048
0.6145428702677616,0.011441304073054104,0.63263443406868
0.5782204935003301,0.3240370535871846,0.1646239471555241
0.9723274180960295,-0.35808432737572904,0.6195873519467407
-0.3144520684787666,-0.7372295061298793,-0.20549624196287897
-0.8974436378191679,0.8916219774912626,0.21926687833889
0.2779934451915089,-0.395176373574184,-0.062719077474504
-0.9977538755527242,-0.47557329444808905,0.5804167237141021
-0.9612033842372574,-0.7836878524399702,0.3606109003551833
-0.506347254012038,-0.016272687990232848,0.20707596923423252
-0.6149673488500522,-0.4621301509249274,0.2539662867218715
-0.8218714383926389,0.005416154363129033,0.8508742482512472
-0.5267084371281139,0.15678648895353642,0.12084554919117213
0.32885914594500654,-0.3028196295452896,-0.06668516528496743
-0.20900616656511772,0.7145813813070316,-0.3067066610443178
0.49644243835285384,-0.6465632234942222,-0.051384121093099325
0.9144175062356543,-0.7615612854363354,0.15450098847344793
0.9294490287386983,-0.882131222128113,0.051307854501431355
-0.4382715261318968,0.5152772087576045,-0.0771777854950277
0.35316023417036924,-0.7608281816778493,-0.6005043107017324
0.13477312718504453,0.4072594119825941,-0.3589576836684944
-0.23920386840349406,0.22257623617533118,-0.08955202816238314
0.3048536509711799,0.5710964498452793,-0.02313355782019552
0.550619320641669,0.12232278426582366,0.26342184608912933
0.7286980053882945,0.7940885503512873,-0.029181754489999476
0.6859921122852737,0.7666351759638641,0.051193187771853055
-0.7217468354251926,-0.7788457848326751,0.15155807431788176
0.12325904444471725,0.3057789980069383,-0.05728718261927124
0.032034211824648606,0.07877173152276873,0.035342756781041366
-0.8696260948733452,-0.1827215949061174,0.4640636281745809
-0.4850608217894712,0.7616221160128207,-0.5668763881779526
-0.07225010403066645,-0.6021061369085186,-0.38760360729934795
0.6027992823714092,-0.8920651906551789,-0.43276038618755225
0.8099673651862471,-0.5143825263299362,0.1385676319667598
-0.6303947753178685,-0.5237697947762319,-0.029219143343673704
-0.3368266478292188,-0.03678381099430372,-0.10066101905893732
0.3153836206373184,0.8767883692486313,-0.7287084617687247
0.9958424139126396,0.5925123882786529,0.4397734949058981
-0.6085455871520622,-0.07603723697824072,0.37283177687465385
-0.8264611952039862,0.5799650960799887,0.3282469438777324
0.07653334287474811,0.46651779132363824,-0.043292514960567574
0.8065053276009757,-0.4317072579579997,0.20593125774323984
-0.5551055672500242,0.8301470401974127,-0.20911071520907767
0.696203250969476,0.7696145430380028,0.13781087566915473
0.00609617831278686,-0.6755324013653796,-0.5227906113881675
0.5484414616176001,0.364169154812676,0.14555726443375178
0.44080282566165163,-0.6765187959313244,-0.3295332647457345
0.5485572539906336,0.22544612252349938,0.1561079781410074
0.8240313108283583,-0.746543958795924,0.13414788328131666
-0.03456178853880143,0.5531163894451228,-0.26291675671860154
-0.9794727245170942,0.7210497719944966,0.34018501492693487
0.3322475931697819,0.3338540793189322,-0.13371644370666858
0.6103874886061098,0.502425187752018,0.3802935150700672
-0.7655039341194296,-0.5383866011113785,0.41432513775282925
-0.25897098134417407,-0.9051753306690298,-1.1433154793631743
0.28228465009002757,0.10955225690414028,0.372808004491303
0.9922755296183217,-0.5369459127692815,0.5912071359740183
0.8617705152550836,-0.22444994495572668,0.9680115580186389
0.31224013160233377,0.8868423918547685,-0.5892152497755725
-0.8526326515313845,0.6599684990087595,0.3859195152121057
-0.497264662185837,-0.5467479460743583,-0.16954370962130239
-0.272242930754391,0.3139593029227308,-0.08799324736833938
-0.011592892124780985,-0.9033101249109614,-0.7053401057052124
-0.834799803201957,0.2607662475817176,0.6355774850134662
0.6108061812214727,0.4812153748054906,0.4765162747713104
-0.8992841140995393,0.8605857151887533,-0.04829078924271592
-0.5750794200509135,0.09800912775968862,0.03066183522685101
0.3648710824734753,0.8023281823911885,-0.46227093233620836
-0.17772147774991143,0.9948750411336849,-0.7248164545938319
0.031418930386839294,0.13228666750701357,0.1906977380949502
-0.2718776660079463,0.16267763201589513,0.020801056458600062
-0.4223593726995545,0.3876730866805047,0.047408528710208946
0.2595741296220597,-0.369927949103692,0.12928944946649357
0.48486915727546487,0.6314689052590148,0.08309230818599128
-0.14023623213968972,0.8514830158762525,-0.8488723471816744
-0.8201409627202263,-0.24352069634879525,0.44452423717121126
-0.20654937718142352,0.28309829527868313,0.17536695245702486
-0.10782276257991419,-0.7570574754322779,-0.45100457372964
0.468592464266282,-0.09681453426671305,0.05211115381699727
-0.6741872456109566,-0.4299298127522848,0.40067950238146444
-0.48242961809977225,-0.027123228423445056,0.05654272302263236
0.20611906037707906,-0.6035175290975052,-0.28582904123930686
0.8277804087119087,-0.6905154212024018,0.004273259016941339
0.02714158529495081,0.9442679922461086,-1.150996084477917
0.6405043941276056,-0.8748066935038155,-0.26583403875491607
0.3784616410005728,0.24172386872577634,0.2231667377795549
0.5024598746354869,0.7228227958453153,-0.013772368630832865
0.4269474782878653,0.013766093030844972,0.2865302210663514
0.8691523369304028,0.7976814249356425,0.0009216137253530016
0.3312410336608329,-0.30936668749038687,0.02850575042538017
0.908691961921724,0.7169647469430522,0.1397142162280043
-0.5026740562832344,0.9344204790941675,-0.6991832048532818
-0.6418947435933697,0.029894959727398085,0.6059748315492005
0.7481981032491856,-0.3234684370476584,0.5691732394013487
-0.5946793329654372,-0.32090272942881004,0.2510117890563806
0.8390377896440893,-0.48834087349304034,0.42750136274595557
-0.9072786477868342,-0.6407393913722048,0.357005189572612
0.10309318305581971,-0.07039823009570534,0.039132725332979575
-0.18404513414881452,0.5464813836929845,-0.1266914898700153
-0.43659871719727605,0.06740381081549751,0.32649249784244766
0.6896748707280538,-0.13977752033141844,0.2793483575963249
0.14218004972395692,0.08930649844488481,0.2630087996067854
0.06583471181628009,-0.7957825792482389,-0.6845887346372744
0.7971545139920491,0.7663139839739483,0.027558082956920683
-0.2379518205320943,0.016052923004657327,0.13237268763026247
-0.9933489789951333,-0.11291618693160488,0.8425560064242147
-0.08461592394096851,0.21924146249741905,-0.41005292168579843
-0.5379752745675157,0.9959461503336537,-0.593001537518548
0.6716888801552154,-0.58760586554366,0.29181134478939363
-0.22071586997101056,0.14596547707603014,0.021278316297180792
0.43956765138331,-0.7551798813766573,-0.6840564410790283
0.5174500735760801,-0.10331465996618228,0.1630517616911551
-0.2267944470028136,-0.407827545581402,-0.16465835751861616
0.7194148779702343,-0.2233445742314637,0.31868883928243585
0.6597045553366976,0.630001151237882,0.21560848673051713
-0.6064901683292632,-0.6423340181035655,-0.14251833105266842
-0.6014239947427902,0.3155086349399099,0.29902823998306505
0.4559753095457546,-0.1577276391470146,0.17887462963747236
-0.27955852810759785,-0.98100410494948,-0.7763793098487617
0.8487905410479379,0.19689988470143427,0.6036182720175702
-0.46725708189823356,0.6750809696791646,-0.1288015607457147
-0.05011804629827865,-0.0365569476929124,0.025556584344870917
0.8744377187520314,-0.30751247762681166,0.7823777441925539
-0.6388072999120571,-0.6605946351638952,0.11771590080739389
-0.6225685959149063,-0.5824435771668617,0.2541215588062685
-0.4816131738962375,0.7298057087736047,-0.28040316469117654
0.962011008789166,0.6581332743116812,0.4226792765929277
0.2917897690251463,-0.061973725014988545,0.14458954331830284
-0.5904772836704626,-0.5143279273592714,0.03321195651443161
0.26067564788060316,0.20100599921715934,-0.12652580531933855
0.3628861325959707,0.7910351043503452,-0.23700098716477414
-0.13965636498098566,0.8538838951211836,-0.8211661302230744
0.3881563577250702,-0.8109979169881132,-0.7639373157098629
0.5818640025965223,0.8821991106672229,-0.3224238800086751
0.4683898293541484,-0.3654953333649644,0.2738345631750193
-0.545381832594499,0.604876560294991,-0.11418304553768263
-0.31447889075253666,0.4295302806607404,-0.18496303656095553
-0.9030834734507127,-0.40054655000871353,0.5639081584270754
0.884501971893211,0.23580260977248102,0.7407388497498354
-0.6034044303998332,0.9056459712339806,-0.28771739992773215
-0.27406010884503007,-0.3635128522720281,-0.39454862742288627
0.46545088940959434,-0.9679515752148047,-0.48694479031123417
-0.9283580217356382,0.6398745825110419,0.4228972045231448
-0.10222258636442083,-0.33221436159772866,-0.2760673144091123
-0.006285391938760876,0.16244856820866893,0.022552697514404373
0.7630161127075288,-0.1549031024249774,0.26830529817031995
-0.16950702756932934,-0.3540897333575703,0.025349422862205623
0.7402321290276335,-0.19576399927967025,0.670576034416706
-0.39865000718576904,0.6609085407617401,-0.3784777764842583
-0.5251556710385463,0.027259349155115853,0.06298360943337786
-0.12482995799150687,-0.6880175956190209,-0.5887702982941552
0.4407897389986004,-0.8954456402613418,-0.7954096137984534
0.5541556255391611,0.024299409658956606,0.5162076009660898
0.0948375291666761,-0.183872559888681,-0.1461488132772584
-0.08069948304524699,-0.2895071761095831,0.04122236066815135
-0.710656905234081,0.1865546366077,0.15796949195637677
-0.631070425965244,0.5821778692517527,-0.152906831491591
-0.14430574242674576,0.43267576434939836,-0.1403981118765153
-0.6177739470008019,0.7064039526077914,-0.25295979552783465
-0.47904902165840557,-0.8363967402454284,-0.5401158484007254
-0.4042966821269909,-0.9770220416205262,-0.8565780854171783
0.11515468723642774,-0.14850300521525428,-0.01882796057179288
0.9328383677559029,-0.07826120918056456,0.7713727714254236
0.6433584649951953,-0.28448932141847005,0.25190112190166214
0.36233976555127656,-0.4125794506398115,0.10388718306440575
0.43354710910189387,-0.4981823383244255,-0.13394514259309262
-0.2290899372108519,-0.5372697832710898,-0.1709987398120975
-0.12267277742587646,0.39086966552496394,-0.05599561330421804
-0.37307889715668074,-0.8343952614743819,-0.33958407804162183
-0.6120358337715244,0.5390584873874855,0.02756595497609917
0.42827272048158793,-0.7182971384008654,-0.2705512689526663
-0.2638527723634674,-0.2879487822864224,0.026142783487093778
0.2542822741307049,0.14112137839568017,0.05593617552363752
0.5925594148293503,-0.6504584076315041,-0.12225864878477709
0.997879808701992,-0.9247373258829921,0.4020300025351823
-0.18900432772241094,0.7204141669064916,-0.3700328594391701
-0.5170242463703194,0.10612956235580051,0.10456964828498849
-0.5289996708070728,-0.5843263142245592,0.09376706813745259
-0.8503406207184199,-0.10123650896826253,0.593624333248875
0.16910855712911954,-0.9266212002292826,-0.5355414661295954
-0.25818398225136274,-0.7724754433886234,-0.2630411308735233
0.23910215461777806,0.14716765835050483,-0.1277557302548692
0.8833378814272776,-0.473055945873772,0.6117200787656367
0.29528132348345704,0.16555727181110935,-0.1389176519349974
-0.5463921103950076,-0.5382642941190319,-0.011253183755975327
0.7175995502049781,-0.2358260214565735,0.45151866874764995
0.11094522065398071,-0.5791746635003951,-0.29889177133523864
0.6257227439523205,0.6817834891952697,-0.03691210794646463
-0.7065609680653502,0.09197878873927201,0.4612179353227142
0.04543469019810131,0.002760673980099604,0.10727950361689786
0.5670258452248258,0.8934783169068008,-0.3994986741070675
0.5797891147944261,-0.8864422718183953,-0.4052918345210635
0.5362532498698709,-0.21307755815780172,0.2417069159878494
-0.05263014781473463,0.7405686472489177,-0.766292267197213
-0.8805569398797302,0.3961326636152922,0.4048700429037465
-0.2815340032441769,0.5482775717692048,-0.3615274858511093
-0.08367411083278542,0.27890766815240675,-0.12956619131390276
0.8962877498565776,0.22766314775683516,0.7994989625721668
-0.8618144137861157,0.6141548261371286,0.2101692618383273
-0.6187577068597587,-0.3270202781998397,0.3243930172226635
0.6090567238900824,-0.47437730381897136,0.24608205049787385
0.05152443325405076,0.28994566096532703,-0.3234580419179476
0.6980275223208015,-0.4320802513042872,0.38001721703720714
0.044539408254539614,0.9298566031989968,-0.8296779766762984
-0.7769871501627772,-0.7637119206555474,-0.11270158269233596
0.46136331098571204,-0.6991568390252487,-0.40551436137013896
0.16242717302237497,-0.6174989027801285,-0.45039264825070924
-0.34958879728450176,-0.32196042048651474,0.10092848458222037
-0.06497877136587515,-0.8711444776964463,-0.6349567429003865
0.995118425273755,0.9447814404594368,0.25581718737536885
0.13685824740056995,0.863399451324218,-0.6989973688923106
-0.06858108194066115,-0.953084592310476,-0.6889061739948583
0.025601914252079805,-0.14874804557106192,-0.2005565735979726
0.20430738418625105,-0.766232499829226,-0.829273551309502
-0.2702393249176396,-0.5912996738712959,-0.32318163538651984
0.8865837027006731,0.2350284201896058,0.82151589678006
0.7601787068311987,-0.3682710045248401,0.5766193782089147
-0.1834753771014439,-0.3596665867214215,-0.47743876208924374
0.6234741402784783,0.45626263305881465,0.13538915654101963
-0.9513886332226114,0.9205704738768901,0.06288037570254977
0.5495574501866713,0.11265988553960704,0.08823546332675691
0.8986386608230506,0.27988396135884863,1.0504323034091578
-0.6390306430955184,0.002898406079617777,0.3049327368529664
-0.9020082842189421,-0.9356757460509042,-0.059540601284861064
-0.8029665183889718,0.9797634717100487,-0.4369797229993857
0.6560204166066015,-0.40826058369903007,0.38798456364619094
-0.44308581437403305,0.0428503039250987,-0.10140424466162612
-0.8669534758972373,-0.5390732569544923,0.3096923649597805
0.06884677522803839,-0.8834372774297037,-0.5189845054855522
-0.5041116451444703,-0.2767103878597672,0.24695838437818263
-0.05717298939944926,0.30035962663994575,-0.005888557992475077
0.7622194831784708,-0.9794434145733855,-0.4679598534168794
-0.5514247219014816,0.06392205733560918,0.4501063815649088
-0.3818905454633501,0.6828241304091351,-0.5497702263873556
0.47067797327149496,-0.650742335508318,-0.031286677687274694
0.4465795233440688,-0.5585777411048487,-0.31129099959898054
0.46547474140848855,0.8744198484304875,-0.409007850134671
-0.019588047313609858,0.9630958880267169,-0.6780384441640891
-0.49301437838655726,0.9968734356323623,-0.6691447647365854
-0.10346645144574951,0.21558103047379018,0.10780141443389107
0.0586104733985231,0.1382122813318134,0.05826056126388497
-0.7787638401147998,0.538242382218681,0.6457793238444798
0.09772454216192483,0.3830274396040265,-0.2012021582653174
0.2189405009946408,-0.10133878622611947,0.044900384821691786
-0.5459561450106256,0.30445269658275986,0.18892212378648737
0.6048073991987615,-0.5718503661886396,0.17817256868656917
-0.3241037016327928,-0.22207272556298263,-0.20991017837376874
0.4168287384087699,0.5059325471942204,-0.009496526800330779
0.8705954912726179,-0.840508832309258,-0.24000893591311795
0.8620062036569385,-0.017715633559333588,0.5783737867926644
0.23502088105126506,-0.9965215794315518,-0.9644295497321219
0.8152872196696686,-0.6101339281659985,0.240521215530014
0.4399307491024742,0.8026876575047075,-0.43690916963681636
-0.7152980213926772,0.5834250295979344,-0.07903453969602808
0.40054771029169345,-0.4296587331353583,0.1337452311150178
0.9506776268076118,0.7428869925098733,0.41963945024951627
0.8119901578376238,0.47048673501802685,0.5516929942452344
0.8292498233269501,-0.12557777385644053,0.5464909446927306
-0.06208370046710843,0.04826370113263212,0.0062606324262578505
0.38553888958120464,-0.5514532902945082,0.04264131485193556
0.5736556732526024,0.6895534546377822,-0.06230028696279308
-0.8977244275110443,-0.39957773886333836,0.6953471235492097
-0.596444009016186,-0.5728950768287953,0.09815544336064769
0.9241475258815317,0.8220047496334055,0.2076748773041733
-0.514198339051011,-0.8324344530335583,-0.39504373371323737
-0.4589152820859188,0.010804951284706377,0.44874629712468633
-0.9152106973031777,0.7885422488283644,0.06371131599696564
-0.49872325127969264,-0.16134012887578963,0.49932741604270575
-0.6974598286517291,0.7108702237705258,0.06169803887565266
-0.45805228348832383,-0.685677324304893,-0.0017946126318806876
-0.13196355710599916,-0.3258864148328111,0.1494843358629103
0.2221063301492665,0.02250568137649256,0.012663138999949558
0.2655883534289627,-0.2888920940144424,0.09920437496244319
0.29821192577102984,-0.6098065559867138,-0.26522108895538526
-0.9593526538044503,-0.7791486044668672,0.27272678695895497
0.5583844276027548,0.46423893085434376,0.11217429080440253
-0.08075015752837644,0.7736237932597272,-0.8103371481961036
-0.8288769388315889,0.6935938583197312,0.27037587425413045
0.5490001607240766,0.7086815223472234,0.20282865430248204
0.9384377607093883,0.7648973816972473,0.03263058116365547
-0.4237508424690868,-0.5005380470472207,-0.2451890774359662
-0.16056507608240977,-0.06865720414845211,0.4582882499579094
-0.7183656280362487,-0.37175781463771007,0.320146783452619
0.33988897641511673,-0.6265050211236163,-0.2676921839678677
-0.9799243400114566,0.5071851937040506,0.505687610179353
-0.6440489846729283,-0.5452194756453779,0.1617122235424892
-0.03369424160369494,-0.931336678749126,-0.7398519336208444
-0.7813830834769568,-0.6099143627190087,0.2780527097621744
0.25572964709369517,-0.4296103288567492,-0.06232441327824168
-0.07106760471688389,0.4588441379841295,-0.25446484413193027
0.9147256153982362,0.7013183817666724,0.049721714326050936
0.36114943004336597,-0.7429021785391066,-0.31830733118799326
0.7231349628151054,-0.2397970512543912,0.5125495053506313
0.4144737272967718,-0.9277067431652373,-0.7319831565489854
0.23850004341296938,0.10199032318881018,0.08184561104938232
-0.5004708302105045,0.7983541007185382,-0.4802038766323724
-0.5956614551859503,0.41478862654932835,0.1639511042242426
0.9053631281258194,-0.12829144632128475,0.9290108885031754
0.2885984125030936,0.4607930310910724,-0.10734194947912554
-0.8245911754272155,0.8568722731640741,0.2255791646472552
-0.47740315025273916,0.5226021744939628,0.18338880473475286
0.6768639231259994,-0.6792149870685693,-0.22458665331069003
-0.5023864665418472,0.14789646811942547,0.17965673647902783
-0.008576295694943337,0.5178936373354801,-0.2834720565085514
-0.7058898171383567,0.24053769642690903,0.5560856368273825
0.7939558038602299,0.6450534698908967,0.3155557740683739
-0.02222494136134623,0.5006674117827066,-0.2351729728793006
0.9292375556254946,0.4274706469284164,0.7868781436610549
-0.8494845368887887,-0.6658165914935161,0.5771902913399485
-0.9535470294850161,-0.8231901877332242,0.19170293412648842
-0.8668036303892497,-0.818095784199937,0.02191568691967661
-0.8499766038595902,0.5259173130653971,0.5954259239318302
-0.8682909811523278,-0.17648649540174333,0.903123717104029
-0.7698704802417728,-0.9215625670164989,-0.18675562647254978
-0.9712520537395535,0.22927544912272824,0.747282298300791
-0.6296448225499511,-0.44708162762715387,0.3323621295679684
0.03308791721137272,-0.21253512489315085,-0.27956463769726314
0.6091944173931727,0.142036655654173,0.2666866837618192
0.6347859752662779,-0.43141132612372557,0.026138121057420055
0.5455320591597264,0.08715256463517584,0.5027221766048332
-0.5313004313557619,0.00415868885101478,0.5205261568318968
0.6149551567280307,0.7519011639026432,-0.35551534704210597
-0.08589946653320646,0.9964437996585658,-1.2561532198756118
0.5094288598995516,0.41613930492403384,0.10436250220537682
-0.09097339517770564,-0.8627707055890801,-0.465655986956798
-0.7799262354084022,-0.36525122852272496,0.519131355057307
-0.06701899638160369,-0.8161827485292168,-0.8048180825911576
0.6728887007410473,-0.9486089295804245,-0.5657414888660968
0.20079770140371833,0.6600880934715558,-0.18152683516892043
-0.5628659294013558,-0.8386992447694339,-0.45256490115164144
